rank,cluster_id,cluster_label,product,customer_count,ticket_count_total,jira_ticket_count,account_active_arr_total,open_count,open_ratio,rank_score,priority_label,priority_reasoning,cluster_description,representative_examples,customer_names,request_ids
1,SEM-0003,[IDT] — Ozonetel Call: 919845097174 | UCID: 24068387531106302 | Date: 14/01...,IDT,11,11,0,25759300.0,11,1.0,0.8409,Critical,,"Requirement area: [IDT] General Request. Impact: 11 tickets from 11 customers (Brigade Properties Private Limited, My Car (Pune) Private Limited, HPM CHEMICALS AND FERTILIZERS LIMITED, Supreem Pharmaceuticals Mysore Private Limited, Global Account Old ITR (+6 more)). ARR at risk: ₹25,759,300. Open tickets: 11/11. Key themes from customer descriptions: call, ozonetel, task, type, inbound, disposition, answered, caller. Most representative complaint: ""Ozonetel Task ID: 00TNo00000a7zlGMAQ Call Type: Inbound Call Disposition: answered Caller: 919845097174 Call Date: 14/01/2026, 4:15 pm UCID: 24068387531106302""","Ozonetel Task ID: 00TNo00000a7zlGMAQ Call Type: Inbound Call Disposition: answered Caller: 919845097174 Call Date: 14/01/2026, 4:15 pm UCID: 24068387531106302 | Ozonetel Task ID: 00TNo00000Zsrd6MAB Call Type: Inbound Call Disposition: answered Caller: 918329949362 Call Date: 09/01/2026, 6:29 pm UCID: 24067963564891665 | Ozonetel Task ID: 00TNo00000arPrsMAE Call Type: Inbound Call Disposition: answered Caller: 919958744861 Call Date: 29/01/2026, 2:02 pm UCID: 24069675574739057 | Ozonetel Task ID: 00TNo00000V6N0CMAV Call Type: Inbound Call Disposition: answered Caller: 9686665707 Call Date: 09/10/2025, 3:46 pm UCID: 24060004958913682 | Ozonetel Task ID: 00TNo00000Y3lmwMAB Call Type: Inbound Call Disposition: answered Caller: 918377034920 Call Date: 03/12/2025, 3:27 pm UCID: 24064755851586718",Brigade Properties Private Limited | My Car (Pune) Private Limited | HPM CHEMICALS AND FERTILIZERS LIMITED | Supreem Pharmaceuticals Mysore Private Limited | Global Account Old ITR | ICONIC FACILITY SERVICES PRIVATE LIMITED | CGH Earth | Vivriti Capital | HELLA INDIA AUTOMOTIVE PRIVATE LIMITED | Willowood Chemicals Private Limited | Panacea Biotec Limited,"1074215, 1072757, 1077476, 1047913, 1062813, 1054939, 1073902, 1064510, 1077144, 1081562, 1049280"
2,SEM-0010,[GL Stream] — In GL Recon - Individual Tax values to be shown,GL Stream,2,3,0,70825000.0,3,1.0,0.5318,High,,"Requirement area: [GL Stream] General Request. Impact: 3 tickets from 2 customers (COROMANDEL INTERNATIONAL LIMITED, Trent Limited). ARR at risk: ₹70,825,000. Open tickets: 3/3. Key themes from customer descriptions: values, recon, total, tax, summary, page, cgst, sgst. Most representative complaint: ""Hi Team, In GL recon, particularly for Output GL vs SR & Revenue vs SR Recon, in the summary page itself we are showing total tax values, but the requirement is to show individual values ie., CGST,SGST & IGST values separately along with total tax. Please check and share us the feasibility""","Hi Team, In GL recon, particularly for Output GL vs SR & Revenue vs SR Recon, in the summary page itself we are showing total tax values, but the requirement is to show individual... | Hi Team, In GL recon, particularly for Output GL vs SR & Revenue vs SR Recon, in the summary page itself we are showing total tax values, but the requirement is to show individual... | CGST, SGST and IGST should be separately bifurcated in GL recon summary page",COROMANDEL INTERNATIONAL LIMITED | Trent Limited,"1055521, 1054750, 1079789"
3,SEM-0020,[IDT] — Ineligible ITC column in 2B vs PR Recon,IDT,1,2,0,46360000.0,2,1.0,0.3909,High,,"Requirement area: [IDT] General Request. Impact: 2 tickets from 1 customer (Trent Limited). ARR at risk: ₹46,360,000. Open tickets: 2/2. Key themes from customer descriptions: ineligible, itc, invoice, action, can, taken, multiple, times. Most representative complaint: ""Ineligible ITC action can be taken multiple times on a single invoice Ineligible ITC is allowed ""Ineligible ITC"" and ""claim ITC"" leading to duplicate actions in Table 4.""","Ineligible ITC action can be taken multiple times on a single invoice Ineligible ITC is allowed ""Ineligible ITC"" and ""claim ITC"" leading to duplicate actions in Table 4. | Manual activity to determine actual ineligible/unmatch amount in case of a partially eligible invoice.",Trent Limited,"1077811, 1077812"
4,SEM-0018,[IDT] — Feature Request - Acceptance of TDS/ TCS Credits,IDT,2,2,0,25582500.0,2,1.0,0.3494,Medium,,"Requirement area: [IDT] General Request. Impact: 2 tickets from 2 customers (Trent Limited, VINDHYA TELELINKS LIMITED). ARR at risk: ₹25,582,500. Open tickets: 2/2. Key themes from customer descriptions: tcs, can, clear, tds, accepted, check, file, return. Most representative complaint: ""Need to check whether we can file TCS return from Clear Tool with validation. Clear can provide the GSTN wise TCS credit available and accordingly TCS return can be filed for multiple GSTN. Feature request - TDS/ TCS credits accepted on GST portal directly. Upload an excel with TDS credit accepted f...""",Need to check whether we can file TCS return from Clear Tool with validation. Clear can provide the GSTN wise TCS credit available and accordingly TCS return can be filed for multi... | Feature Request - Acceptance of TDS/ TCS Credits. Even the govt portal provides the Offline utility till March 2024. The grievance has been raised by the client bearing number: G-2...,Trent Limited | VINDHYA TELELINKS LIMITED,"1040129, 1074578"
5,SEM-0080,[IDT] — Locking of filed return (transaction level),IDT,1,2,0,29800000.0,2,1.0,0.3325,Medium,,"Requirement area: [IDT] General Request. Impact: 2 tickets from 1 customer (Trent Hypermarket Private Limited). ARR at risk: ₹29,800,000. Open tickets: 2/2. Key themes from customer descriptions: should, filed, document, data, functionality, locking, inward, outward. Most representative complaint: ""Functionality for locking of inward and outward supply invoices after filing of returns for a month. Once the return is filed, anyone should not be able to edit/change the document and re-uploading of the same document should show an error. Even at system level, filed data should be retained as it i...""","Functionality for locking of inward and outward supply invoices after filing of returns for a month. Once the return is filed, anyone should not be able to edit/change the document... | Functionality for locking of inward and outward supply invoices after filing of returns for a month. Once the return is filed, anyone should not be able to edit/change the document...",Trent Hypermarket Private Limited,"1073960, 1071344"
6,SEM-0016,[IDT] — Feature Request - Cash Ledger Report & ITC Credit Ledger Report,IDT,2,3,0,13750000.0,3,1.0,0.3304,Medium,,"Requirement area: [IDT] General Request. Impact: 3 tickets from 2 customers (Zomato Limited, Apl Apollo Tubes Limited). ARR at risk: ₹13,750,000. Open tickets: 3/3. Key themes from customer descriptions: cash, ledger, report, wants, tcs, feature, itc, credit. Most representative complaint: ""The customer wants electronic Cash ledger report for TCS registration in the product""",Feature Request - Cash Ledger Report & ITC Credit Ledger Report. Also to trigger the download at the PAN level | The zomato team wants to generate the TCS challans without utilising the cash balance available in cash ledger | The customer wants electronic Cash ledger report for TCS registration in the product,Zomato Limited | Apl Apollo Tubes Limited,"1078187, 1047238, 1047228"
7,SEM-0056,"[IDT] — Feature request - Provide visibility about ""Upload Status"" of docum...",IDT,1,1,0,24894000.0,1,1.0,0.2924,Medium,,"Requirement area: [IDT] General Request. Impact: 1 ticket from 1 customer (TATA AIG GENERAL INSURANCE CO LTD). ARR at risk: ₹24,894,000. Open tickets: 1/1. Key themes from customer descriptions: documents, uploaded, marked, clear, gstn, all, then, document. Most representative complaint: ""If all the documents are marked as uploaded then no document level detail is uploaded from Clear to GSTN. Please provide visibility in the filing flow about the documents which are marked as uploaded. There are instances where no data is present on GSTN but user marks documents as uploaded on Clear....""",If all the documents are marked as uploaded then no document level detail is uploaded from Clear to GSTN. Please provide visibility in the filing flow about the documents which are...,TATA AIG GENERAL INSURANCE CO LTD,1049601
8,SEM-0099,[IDT] — Feature Request - Visibility on UI for any processing stuck at GST...,IDT,1,1,0,24894000.0,1,1.0,0.2924,Medium,,"Requirement area: [IDT] General Request. Impact: 1 ticket from 1 customer (TATA AIG GENERAL INSURANCE CO LTD). ARR at risk: ₹24,894,000. Open tickets: 1/1. Key themes from customer descriptions: data, upload, response, uploading, status, comes, triggered, gstn. Most representative complaint: """"Uploading"" status comes when data is triggered for upload to GSTN & Clear portal is waiting for govt response. Until the govt response comes we keep showing the status as ""Uploading"". Provide a visibility if data upload has been triggered & Clear portal is awaiting response from GSTN as clients kee...""","""Uploading"" status comes when data is triggered for upload to GSTN & Clear portal is waiting for govt response. Until the govt response comes we keep showing the status as ""Uploadi...",TATA AIG GENERAL INSURANCE CO LTD,1049600
9,SEM-0017,[IDT] — IMS Console - Warning flag,IDT,1,1,0,23180000.0,1,1.0,0.2864,Medium,,"Requirement area: [IDT] General Request. Impact: 1 ticket from 1 customer (Trent Limited). ARR at risk: ₹23,180,000. Open tickets: 1/1. Key themes from customer descriptions: ims, flag, ask, warning, itc, claimed, system, should. Most representative complaint: ""Ask : Issue with IMS warning flag. If ITC claimed in 2B vs PR, system should flag if the user tries to keep these transactions under pending status on IMS console""","Ask : Issue with IMS warning flag. If ITC claimed in 2B vs PR, system should flag if the user tries to keep these transactions under pending status on IMS console",Trent Limited,1081933
10,SEM-0025,[IDT] — Warning sign if any doc which is claimed in recon is changed/amende...,IDT,1,1,0,23180000.0,1,1.0,0.2864,Medium,,"Requirement area: [IDT] General Request. Impact: 1 ticket from 1 customer (Trent Limited). ARR at risk: ₹23,180,000. Open tickets: 1/1. Key themes from customer descriptions: documents, should, delete, once, itc, data, overview, changed. Most representative complaint: """"Documents should not changed/delete/amended once ITC Claimed in data overview Ask - Once the """"Claim ITC"""" action is taken, the documents must be freezed. If the user is trying to amend/delete the document in Data Overview or if its getting merged (via integration) he should receive a warning sign""""","""Documents should not changed/delete/amended once ITC Claimed in data overview Ask - Once the """"Claim ITC"""" action is taken, the documents must be freezed. If the user is trying to...",Trent Limited,1077817
11,SEM-0026,"[IDT] — Require unique remarks of ""Mismatched Fields"" after considering thr...",IDT,1,1,0,23180000.0,1,1.0,0.2864,Medium,,"Requirement area: [IDT] General Request. Impact: 1 ticket from 1 customer (Trent Limited). ARR at risk: ₹23,180,000. Open tickets: 1/1. Key themes from customer descriptions: require, unique, remarks, mismatched, fields, after, considering, threshold. Most representative complaint: ""Require unique remarks of ""Mismatched Fields"" after considering threshold limit""","Require unique remarks of ""Mismatched Fields"" after considering threshold limit",Trent Limited,1077836
12,SEM-0033,[GL Stream] — Single recon for Revenue GL and Output tax GL,GL Stream,1,1,0,23180000.0,1,1.0,0.2864,Medium,,"Requirement area: [GL Stream] General Request. Impact: 1 ticket from 1 customer (Trent Limited). ARR at risk: ₹23,180,000. Open tickets: 1/1. Key themes from customer descriptions: availability, single, recon, revenie, output, tax. Most representative complaint: ""Availability of single recon for Revenie GL and Output tax GL vs SR.""",Availability of single recon for Revenie GL and Output tax GL vs SR.,Trent Limited,1079764
13,SEM-0039,[IDT] — Reconciliation Result dashboard - As per Trent Remark.,IDT,1,1,0,23180000.0,1,1.0,0.2864,Medium,,"Requirement area: [IDT] General Request. Impact: 1 ticket from 1 customer (Trent Limited). ARR at risk: ₹23,180,000. Open tickets: 1/1. Key themes from customer descriptions: dashboard, shared, reference, separate, sheet. Most representative complaint: ""Dashboard shared for reference in separate sheet.""",Dashboard shared for reference in separate sheet.,Trent Limited,1077823
14,SEM-0040,[IDT] — Bulk error report,IDT,1,1,0,23180000.0,1,1.0,0.2864,Medium,,"Requirement area: [IDT] General Request. Impact: 1 ticket from 1 customer (Trent Limited). ARR at risk: ₹23,180,000. Open tickets: 1/1. Key themes from customer descriptions: per, ask, bulk, report, genberated, entry, date, however. Most representative complaint: ""Ask :The Bulk error report is genberated as per Entry date. However, we want it as per return period.""","Ask :The Bulk error report is genberated as per Entry date. However, we want it as per return period.",Trent Limited,1081916
15,SEM-0046,[IDT] — Provide complete PR Register and it should match with filed GSTR-3B...,IDT,1,1,0,23180000.0,1,1.0,0.2864,Medium,,"Requirement area: [IDT] General Request. Impact: 1 ticket from 1 customer (Trent Limited). ARR at risk: ₹23,180,000. Open tickets: 1/1. Key themes from customer descriptions: provide, complete, register, should, match, filed, gstr. Most representative complaint: ""Provide complete PR Register and it should match with filed GSTR-3B's Table 4""",Provide complete PR Register and it should match with filed GSTR-3B's Table 4,Trent Limited,1077839
16,SEM-0052,[IDT] — Freeze Reconciliation Result with line item from FY 23-24 till date.,IDT,1,1,0,23180000.0,1,1.0,0.2864,Medium,,"Requirement area: [IDT] General Request. Impact: 1 ticket from 1 customer (Trent Limited). ARR at risk: ₹23,180,000. Open tickets: 1/1. Key themes from customer descriptions: freeze, reconciliation, result, line, item, till, date. Most representative complaint: ""Freeze Reconciliation Result with line item from FY 23-24 till date.""",Freeze Reconciliation Result with line item from FY 23-24 till date.,Trent Limited,1077837
17,SEM-0059,"[IDT] — Maintain the details of ITC claimed, ITC reversed under 180 days an...",IDT,1,1,0,23180000.0,1,1.0,0.2864,Medium,,"Requirement area: [IDT] General Request. Impact: 1 ticket from 1 customer (Trent Limited). ARR at risk: ₹23,180,000. Open tickets: 1/1. Key themes from customer descriptions: 2025, reclaim, invoice, claimed, april, reversed, under, rule. Most representative complaint: ""If an invoice is claimed in April 2025, reversed under Rule 37 (180 days) in May 2025 and reclaimed in June 2025, the invoice only shows the latest ""Reclaim ITC"" remark and ""Reclaim month"". The request is that the tool shpould maintain the details of claim, reversal and reclaim and be readily availa...""","If an invoice is claimed in April 2025, reversed under Rule 37 (180 days) in May 2025 and reclaimed in June 2025, the invoice only shows the latest ""Reclaim ITC"" remark and ""Reclai...",Trent Limited,1040072
18,SEM-0060,[IDT] — Documents should not merge,IDT,1,1,0,23180000.0,1,1.0,0.2864,Medium,,"Requirement area: [IDT] General Request. Impact: 1 ticket from 1 customer (Trent Limited). ARR at risk: ₹23,180,000. Open tickets: 1/1. Key themes from customer descriptions: invoice, original, abc, nov25, revised, same, oct25, credit. Most representative complaint: ""Original invoice - ABC (Oct25) Credit Note - ABC (Nov25) Revised invoice - ABC (Nov25) Expected behaviour of the tool - Original and Revised invoice values are getting merged in Nov25 since same doc type, same invoice number, same Supplier and My GSTIN. Ask - 1) If already ITC claimed of original in...""",Original invoice - ABC (Oct25) Credit Note - ABC (Nov25) Revised invoice - ABC (Nov25) Expected behaviour of the tool - Original and Revised invoice values are getting merged in No...,Trent Limited,1077807
19,SEM-0066,[GL Stream] — GL recon at GSTIN level,GL Stream,1,1,0,23180000.0,1,1.0,0.2864,Medium,,"Requirement area: [GL Stream] General Request. Impact: 1 ticket from 1 customer (Trent Limited). ARR at risk: ₹23,180,000. Open tickets: 1/1. Key themes from customer descriptions: level, recon, currently, available, only, pan, wnant, gstin. Most representative complaint: ""GL recon is currently available only at PAN level, we wnant it at GSTIN level""","GL recon is currently available only at PAN level, we wnant it at GSTIN level",Trent Limited,1079760
20,SEM-0074,[IDT] — Excel uploader facility for Grouping,IDT,1,1,0,23180000.0,1,1.0,0.2864,Medium,,"Requirement area: [IDT] General Request. Impact: 1 ticket from 1 customer (Trent Limited). ARR at risk: ₹23,180,000. Open tickets: 1/1. Key themes from customer descriptions: documents, provide, excel, uploader, group, multiple, they, large. Most representative complaint: ""Provide excel uploader to group multiple documents. they have large number of documents which require grouping.""",Provide excel uploader to group multiple documents. they have large number of documents which require grouping.,Trent Limited,1077808
21,SEM-0085,[IDT] — Time stamp required in Restore documents.,IDT,1,1,0,23180000.0,1,1.0,0.2864,Medium,,"Requirement area: [IDT] General Request. Impact: 1 ticket from 1 customer (Trent Limited). ARR at risk: ₹23,180,000. Open tickets: 1/1. Key themes from customer descriptions: deleted, which, documents, restore, docs, identify, list, through. Most representative complaint: ""Unable to identify the list of deleted documents through Delete History. Restore documnets have the records of all deleted docs, but which docs were deleted at which time and by which user is not identifed in Restore documents section.""","Unable to identify the list of deleted documents through Delete History. Restore documnets have the records of all deleted docs, but which docs were deleted at which time and by wh...",Trent Limited,1077806
22,SEM-0092,[IDT] — Accepted PR values should be appear in 4A(5) instead of 2B values i...,IDT,1,1,0,23180000.0,1,1.0,0.2864,Medium,,"Requirement area: [IDT] General Request. Impact: 1 ticket from 1 customer (Trent Limited). ARR at risk: ₹23,180,000. Open tickets: 1/1. Key themes from customer descriptions: values, accepted, should, appear, instead, case, match, status. Most representative complaint: ""Accepted PR values should be appear in 4A(5) instead of 2B values in case the match status is ""Mismatch"".""","Accepted PR values should be appear in 4A(5) instead of 2B values in case the match status is ""Mismatch"".",Trent Limited,1077824
23,SEM-0097,[IDT] — Option to select ITC Ineligible as per 2B,IDT,1,1,0,23180000.0,1,1.0,0.2864,Medium,,"Requirement area: [IDT] General Request. Impact: 1 ticket from 1 customer (Trent Limited). ARR at risk: ₹23,180,000. Open tickets: 1/1. Key themes from customer descriptions: 100, negative, ineligible, treatment, makes, value, which, requires. Most representative complaint: ""2B = 80 PR = 100 = ineligible Treatment in Table 4 4A(5) = 80 4B(1) = 100 4B(2) = -20 4C = 0 This makes the 4B(2) value negative, and which requires to be manually adjusted in Table 4 because negative values are not accepted.""","2B = 80 PR = 100 = ineligible Treatment in Table 4 4A(5) = 80 4B(1) = 100 4B(2) = -20 4C = 0 This makes the 4B(2) value negative, and which requires to be manually adjusted in Tabl...",Trent Limited,1077814
24,SEM-0098,[GL Stream] — Custom fields in GL recon,GL Stream,1,1,0,23180000.0,1,1.0,0.2864,Medium,,"Requirement area: [GL Stream] General Request. Impact: 1 ticket from 1 customer (Trent Limited). ARR at risk: ₹23,180,000. Open tickets: 1/1. Key themes from customer descriptions: tax, type, required, custom, columnslike, code, doc, etc. Most representative complaint: ""Required custom columnslike Tax code, Doc type, FI type, etc. in Output tax GL and Revenue GL vs SR.""","Required custom columnslike Tax code, Doc type, FI type, etc. in Output tax GL and Revenue GL vs SR.",Trent Limited,1079759
25,SEM-0105,[IDT] — Require Match/Unmatch identification of each line item in recon on...,IDT,1,1,0,23180000.0,1,1.0,0.2864,Medium,,"Requirement area: [IDT] General Request. Impact: 1 ticket from 1 customer (Trent Limited). ARR at risk: ₹23,180,000. Open tickets: 1/1. Key themes from customer descriptions: identification, match, unmatch, recon, refer, sheet, attached. Most representative complaint: ""Identification of Match/Unmatch in Recon Refer sheet attached""",Identification of Match/Unmatch in Recon Refer sheet attached,Trent Limited,1077820
26,SEM-0054,[IDT] — Feature Request - Availability of Electronic Liability Ledger,IDT,2,2,0,7450000.0,2,1.0,0.2854,Medium,,"Requirement area: [IDT] General Request. Impact: 2 tickets from 2 customers (Apl Apollo Tubes Limited, Zomato Limited). ARR at risk: ₹7,450,000. Open tickets: 2/2. Key themes from customer descriptions: electronic, liability, ledger, pan, level, format, customer, feature. Most representative complaint: ""Feature Request - Availability of Electronic Liability Ledger at the PAN level for excel format . Also, the customer will be able to download the Electronic Liability ledger in the PDF Format by putting the captcha at the PAN level.""","Feature Request - Availability of Electronic Liability Ledger at the PAN level for excel format . Also, the customer will be able to download the Electronic Liability ledger in the... | The customer wants the electronic liability Regsiter in the product",Apl Apollo Tubes Limited | Zomato Limited,"1079931, 1047225"
27,SEM-0088,[IDT] — Need facility to make GST payment through Clear portal,IDT,2,2,0,7100000.0,2,1.0,0.2842,Medium,,"Requirement area: [IDT] General Request. Impact: 2 tickets from 2 customers (Alkem Laboratories Limited, Rsb Transmissions (I) Ltd). ARR at risk: ₹7,100,000. Open tickets: 2/2. Key themes from customer descriptions: portal, client, needs, facility, make, gst, payment, through. Most representative complaint: ""Client needs a facility to make GST payment through Clear portal without going to government portal""",Client needs a facility to make GST payment through Clear portal without going to government portal | Client needs a facility to make GST payment through Clear portal without going to government portal,Alkem Laboratories Limited | Rsb Transmissions (I) Ltd,"1058944, 1058945"
28,SEM-0036,[IDT] — Activation of Duplication layer in data overview for Purchase,IDT,2,2,0,4477499.0,2,1.0,0.2749,Medium,,"Requirement area: [IDT] General Request. Impact: 2 tickets from 2 customers (ONE SGG VENTURES LLP, EVERSUB INDIA PRIVATE LIMITED(SUBWAY)). ARR at risk: ₹4,477,499. Open tickets: 2/2. Key themes from customer descriptions: activation, duplication, layer, data, overview, purchase, workspace, a4d34fce. Most representative complaint: ""Activation of Duplication layer in data overview for Purchase Workspace ID: a4d34fce-b361-4d21-a60a-05430083eb05""",Activation of Duplication layer in data overview for Purchase Workspace ID: a4d34fce-b361-4d21-a60a-05430083eb05 | Activation of Duplication layer in data overview for Purchase Workspace ID: 32e38d60-80de-4092-a259-70f7dbffdfd7,ONE SGG VENTURES LLP | EVERSUB INDIA PRIVATE LIMITED(SUBWAY),"1056511, 1056512"
29,SEM-0008,[IDT] — Reconciliation of E-way bill should also happen separately with del...,IDT,2,2,0,3590000.0,2,1.0,0.2718,Medium,,"Requirement area: [IDT] General Request. Impact: 2 tickets from 2 customers (P.M. Electro-Auto Private Limited, Ghcl Limited). ARR at risk: ₹3,590,000. Open tickets: 2/2. Key themes from customer descriptions: client, needs, delivery, challan, itc, facility, reconciliation, ewb. Most representative complaint: ""Client needs a facility to do a reconciliation of EWB with delivery challan. Also, in cases where ITC-04 is applicable, client wants that the same needs to be done with ITC-04 as well as it has delivery challan details.""","Client needs a facility to do a reconciliation of EWB with delivery challan. Also, in cases where ITC-04 is applicable, client wants that the same needs to be done with ITC-04 as w... | Client needs a facility to do a reconciliation of EWB with delivery challan. Also, in cases where ITC-04 is applicable, client wants that the same needs to be done with ITC-04 as w...",P.M. Electro-Auto Private Limited | Ghcl Limited,"1060012, 1049134"
30,SEM-0035,[IDT] — Rule 43 Automatic reversal computation in GSTR 3B,IDT,1,1,0,18900000.0,1,1.0,0.2713,Medium,,"Requirement area: [IDT] General Request. Impact: 1 ticket from 1 customer (Chemplast Sanmar Limited). ARR at risk: ₹18,900,000. Open tickets: 1/1. Key themes from customer descriptions: dear, team, rule, automated, free, computation, detailed, workings. Most representative complaint: ""Dear Team, Rule 43 - Automated and error-free computation with detailed workings available in CCC for audit/assessment.""","Dear Team, Rule 43 - Automated and error-free computation with detailed workings available in CCC for audit/assessment.",Chemplast Sanmar Limited,1073236
31,SEM-0045,[IDT] — Annual Return (GSTR 9/9C),IDT,1,1,0,18900000.0,1,1.0,0.2713,Medium,,"Requirement area: [IDT] General Request. Impact: 1 ticket from 1 customer (Chemplast Sanmar Limited). ARR at risk: ₹18,900,000. Open tickets: 1/1. Key themes from customer descriptions: all, tables, dear, team, annual, return, auto, population. Most representative complaint: ""Dear Team, In the Annual return : - Auto-population of all tables based on monthly returns filed through CCC. - Invoice-wise break-up in all tables for transparency, reconciliation, and audit ease.""","Dear Team, In the Annual return : - Auto-population of all tables based on monthly returns filed through CCC. - Invoice-wise break-up in all tables for transparency, reconciliation...",Chemplast Sanmar Limited,1073234
32,SEM-0049,[IDT] — Reports - Enablement of Multi-PAN selection option,IDT,1,1,0,18900000.0,1,1.0,0.2713,Medium,,"Requirement area: [IDT] General Request. Impact: 1 ticket from 1 customer (Chemplast Sanmar Limited). ARR at risk: ₹18,900,000. Open tickets: 1/1. Key themes from customer descriptions: dear, team, enable, multi, pan, selection, all, reports. Most representative complaint: ""Dear Team, Enable multi-PAN selection for all reports in CCC for easy consolidated downloads.""","Dear Team, Enable multi-PAN selection for all reports in CCC for easy consolidated downloads.",Chemplast Sanmar Limited,1073237
33,SEM-0072,[GL Stream] — Turnover Recon for the purpose of GSTR 9C,GL Stream,1,1,0,18900000.0,1,1.0,0.2713,Medium,,"Requirement area: [GL Stream] General Request. Impact: 1 ticket from 1 customer (Chemplast Sanmar Limited). ARR at risk: ₹18,900,000. Open tickets: 1/1. Key themes from customer descriptions: recon, should, dear, team, stream, mainly, revenue, format. Most representative complaint: ""Dear Team, In the GL stream, mainly in Revenue vs SR recon should be in the format of GSTR 9C and remarks columns should be there for differences and invoice - wise breakup for recon gaps""","Dear Team, In the GL stream, mainly in Revenue vs SR recon should be in the format of GSTR 9C and remarks columns should be there for differences and invoice - wise breakup for rec...",Chemplast Sanmar Limited,1073235
34,SEM-0081,[IDT] — Electronic Credit Reversal & RCM Statement,IDT,1,1,0,18900000.0,1,1.0,0.2713,Medium,,"Requirement area: [IDT] General Request. Impact: 1 ticket from 1 customer (Chemplast Sanmar Limited). ARR at risk: ₹18,900,000. Open tickets: 1/1. Key themes from customer descriptions: dear, team, electronic, credit, reversal, rcm, statement, critical. Most representative complaint: ""Dear Team, For Electronic Credit Reversal & RCM Statement (Critical post GSTN advisory dated 29th Dec 2025) : - Invoice-wise break-up for reversals and closing balance.""","Dear Team, For Electronic Credit Reversal & RCM Statement (Critical post GSTN advisory dated 29th Dec 2025) : - Invoice-wise break-up for reversals and closing balance.",Chemplast Sanmar Limited,1076393
35,SEM-0096,[IDT] — Feature request on GSTN Verification report,IDT,1,1,0,18900000.0,1,1.0,0.2713,Medium,,"Requirement area: [IDT] General Request. Impact: 1 ticket from 1 customer (Chemplast Sanmar Limited). ARR at risk: ₹18,900,000. Open tickets: 1/1. Key themes from customer descriptions: liability, paid, bulk, download, dear, team, gstn, verification. Most representative complaint: ""Dear Team, In the GSTN verification report, Liability Paid Percentage of Suppliers (Bulk Download Option) - Provide bulk download functionality to avoid vendor-wise manual tracking - Enable accurate computation and presentation of liability paid vs payable.""","Dear Team, In the GSTN verification report, Liability Paid Percentage of Suppliers (Bulk Download Option) - Provide bulk download functionality to avoid vendor-wise manual tracking...",Chemplast Sanmar Limited,1073233
36,SEM-0103,[IDT] — Additional Fields required in Purchase Day Book (As per Rule 54(1A)),IDT,1,1,0,18900000.0,1,1.0,0.2713,Medium,,"Requirement area: [IDT] General Request. Impact: 1 ticket from 1 customer (Chemplast Sanmar Limited). ARR at risk: ₹18,900,000. Open tickets: 1/1. Key themes from customer descriptions: reference, dear, team, additional, fields, pdb, rule, update. Most representative complaint: ""Dear Team, Additional Fields in PDB (Rule 54(1A)) : - Update transfer challan document reference raised from Regular GSTN to ISD. - Include original invoice reference details for future tracking during assessments/audits.""","Dear Team, Additional Fields in PDB (Rule 54(1A)) : - Update transfer challan document reference raised from Regular GSTN to ISD. - Include original invoice reference details for f...",Chemplast Sanmar Limited,1076395
37,SEM-0073,[IDT] — Matching Key Option is available for SR reconciliation,IDT,2,2,0,3130450.0,2,1.0,0.2701,Medium,,"Requirement area: [IDT] General Request. Impact: 2 tickets from 2 customers (Supriya Lifescience Limited, THE INDIAN HUME PIPE COMPANY LIMITED). ARR at risk: ₹3,130,450. Open tickets: 2/2. Key themes from customer descriptions: matching, key, vendor, specific, option, filter, document, client. Most representative complaint: ""Vendor-Specific Matching Key + Filter Option In the 2B vs PR recon report, we currently have a document-specific matching key. The client is requesting: A vendor-specific matching key to quickly determine overall match/mismatch status vendor-wise. A new filter for Matching Key in Vendor View, so tha...""","Matching Key Option is available for SR reconciliation | Vendor-Specific Matching Key + Filter Option In the 2B vs PR recon report, we currently have a document-specific matching key. The client is requesting: A vendor-specific matching...",Supriya Lifescience Limited | THE INDIAN HUME PIPE COMPANY LIMITED,"1078476, 1059945"
38,SEM-0015,"[IDT] — Feature Request : Add new columns ITC Claim (as per 8A) , ITC Claim...",IDT,1,1,0,14980000.0,1,1.0,0.2574,Medium,,"Requirement area: [IDT] General Request. Impact: 1 ticket from 1 customer (Zepto). ARR at risk: ₹14,980,000. Open tickets: 1/1. Key themes from customer descriptions: itc, claim, per, feature, add, new, columns, recon. Most representative complaint: ""Feature Request : Add new columns ITC Claim (as per 8A) , ITC Claim (as per PR) in 8A vs PR recon report.""","Feature Request : Add new columns ITC Claim (as per 8A) , ITC Claim (as per PR) in 8A vs PR recon report.",Zepto,1063902
39,SEM-0053,[IDT] — Validation for Recipient billing state and state code should be same,IDT,1,1,0,14980000.0,1,1.0,0.2574,Medium,,"Requirement area: [IDT] General Request. Impact: 1 ticket from 1 customer (Zepto). ARR at risk: ₹14,980,000. Open tickets: 1/1. Key themes from customer descriptions: recipient, state, introduce, validation, billing, gstin, code, shpould. Most representative complaint: ""Please introduce a validation : Recipient Billing GSTIN's state code shpould be equal to the Recipient State.""",Please introduce a validation : Recipient Billing GSTIN's state code shpould be equal to the Recipient State.,Zepto,1041607
40,SEM-0087,[IDT] — Repository of all the recons with time stamp,IDT,1,1,0,14980000.0,1,1.0,0.2574,Medium,,"Requirement area: [IDT] General Request. Impact: 1 ticket from 1 customer (Zepto). ARR at risk: ₹14,980,000. Open tickets: 1/1. Key themes from customer descriptions: users, run, again, enable, repository, all, reconciliations, along. Most representative complaint: ""Enable the users to have a repository of all the reconciliations run along with date and time stamp so that the users does have to run the recon again and again and wait for 20-30 minutes for the reconciliation result.""",Enable the users to have a repository of all the reconciliations run along with date and time stamp so that the users does have to run the recon again and again and wait for 20-30...,Zepto,1035306
41,SEM-0002,[IDT] — Group ID locking,IDT,1,1,0,14900000.0,1,1.0,0.2571,Medium,,"Requirement area: [IDT] General Request. Impact: 1 ticket from 1 customer (Trent Hypermarket Private Limited). ARR at risk: ₹14,900,000. Open tickets: 1/1. Key themes from customer descriptions: group, allowed, ids, same, should, observed, scenario, where. Most representative complaint: ""We observed scenario where group IDs were deleted for certain number of transactions and team had to rework on the same. We request for locking of group IDs so that once entered by the user, no one is allowed to delete the same. Any user who is willing to add group ID should be allowed but deletion...""",We observed scenario where group IDs were deleted for certain number of transactions and team had to rework on the same. We request for locking of group IDs so that once entered by...,Trent Hypermarket Private Limited,1071346
42,SEM-0050,[IDT] — PR Documents coming in Individual Error Report but missing in Bulk...,IDT,1,1,0,14859210.0,1,1.0,0.257,Medium,,"Requirement area: [IDT] General Request. Impact: 1 ticket from 1 customer (VIP INDUSTRIES LIMITED). ARR at risk: ₹14,859,210. Open tickets: 1/1. Key themes from customer descriptions: report, individual, bulk, documents, coming, but, missing, reports. Most representative complaint: ""PR Documents coming in Individual Error Report but missing in Bulk Error Report. Individual error report & bulk error reports attached.""",PR Documents coming in Individual Error Report but missing in Bulk Error Report. Individual error report & bulk error reports attached.,VIP INDUSTRIES LIMITED,1050892
43,SEM-0001,[IDT] — Filing status of Quarterly filers,IDT,1,1,0,12511575.0,1,1.0,0.2487,Medium,,"Requirement area: [IDT] General Request. Impact: 1 ticket from 1 customer (ZETWERK MANUFACTURING BUSINESSES PRIVATE LIMITED). ARR at risk: ₹12,511,575. Open tickets: 1/1. Key themes from customer descriptions: implement, logic, where, filing, last, month, quarter, automatically. Most representative complaint: ""Implement logic where filing the last month of a quarter automatically marks the first two months as filed (Y); they currently show as ""N.""""","Implement logic where filing the last month of a quarter automatically marks the first two months as filed (Y); they currently show as ""N.""",ZETWERK MANUFACTURING BUSINESSES PRIVATE LIMITED,1059861
44,SEM-0004,[IDT] — GSTR-1A Download,IDT,1,1,0,12511575.0,1,1.0,0.2487,Medium,,"Requirement area: [IDT] General Request. Impact: 1 ticket from 1 customer (ZETWERK MANUFACTURING BUSINESSES PRIVATE LIMITED). ARR at risk: ₹12,511,575. Open tickets: 1/1. Key themes from customer descriptions: ability, download, filed, gstr, data. Most representative complaint: ""Ability to download filed GSTR-1A data.""",Ability to download filed GSTR-1A data.,ZETWERK MANUFACTURING BUSINESSES PRIVATE LIMITED,1059868
45,SEM-0075,[IDT] — Reconciliation Report,IDT,1,1,0,12511575.0,1,1.0,0.2487,Medium,,"Requirement area: [IDT] General Request. Impact: 1 ticket from 1 customer (ZETWERK MANUFACTURING BUSINESSES PRIVATE LIMITED). ARR at risk: ₹12,511,575. Open tickets: 1/1. Key themes from customer descriptions: gstr, new, report, reconciliation. Most representative complaint: ""New report for GSTR-1 vs GSTR-7 reconciliation.""",New report for GSTR-1 vs GSTR-7 reconciliation.,ZETWERK MANUFACTURING BUSINESSES PRIVATE LIMITED,1059869
46,SEM-0102,[IDT] — GST Filing Tracker Enhancement,IDT,1,1,0,12511575.0,1,1.0,0.2487,Medium,,"Requirement area: [IDT] General Request. Impact: 1 ticket from 1 customer (ZETWERK MANUFACTURING BUSINESSES PRIVATE LIMITED). ARR at risk: ₹12,511,575. Open tickets: 1/1. Key themes from customer descriptions: cancelled, gstins, should, appear, applicable, instead, currently, showing. Most representative complaint: ""Cancelled GSTINs should appear as ""Not Applicable"" instead of currently showing in the tracker as “Not Filed.”""","Cancelled GSTINs should appear as ""Not Applicable"" instead of currently showing in the tracker as “Not Filed.”",ZETWERK MANUFACTURING BUSINESSES PRIVATE LIMITED,1059865
47,SEM-0038,"[IDT] — Voucher date column in 2A v/s PR, 2B v/s PR Report",IDT,1,1,0,12342800.0,1,1.0,0.2481,Medium,,"Requirement area: [IDT] General Request. Impact: 1 ticket from 1 customer (VIACOM 18 MEDIA PRIVATE LIMITED). ARR at risk: ₹12,342,800. Open tickets: 1/1. Key themes from customer descriptions: reconciliation, report, client, needs, voucher, date, column. Most representative complaint: ""In reconciliation 2A v/s PR, 2B v/s PR report, client needs voucher date column.""","In reconciliation 2A v/s PR, 2B v/s PR report, client needs voucher date column.",VIACOM 18 MEDIA PRIVATE LIMITED,1060581
48,SEM-0063,[IDT] — Consolidated file instead of split files,IDT,1,1,0,11750000.0,1,1.0,0.246,Medium,,"Requirement area: [IDT] General Request. Impact: 1 ticket from 1 customer (EUREKA FORBES LIMITED). ARR at risk: ₹11,750,000. Open tickets: 1/1. Key themes from customer descriptions: recon, report, split, based, match, status, because, docs. Most representative complaint: ""The 2B recon report is split based on match status because the docs count exceeds 5,00,000. The client wants to have a single file instead of multiple files.""","The 2B recon report is split based on match status because the docs count exceeds 5,00,000. The client wants to have a single file instead of multiple files.",EUREKA FORBES LIMITED,1040496
49,SEM-0021,[IDT] — Feature request : Data Overview | Import History,IDT,1,1,0,10581250.0,1,1.0,0.2419,Medium,,"Requirement area: [IDT] General Request. Impact: 1 ticket from 1 customer (HAVMOR ICE CREAM PRIVATE LIMITED). ARR at risk: ₹10,581,250. Open tickets: 1/1. Key themes from customer descriptions: fix, duplicates, action, same, any, what, errors, layer. Most representative complaint: ""Fix duplicates layer : If the user click on fix duplicates on the tool, takes the action (Skip/Overwrite/Merge), the same is done and if any other user wants to check what action was taken, then the same is not visible. Fix errors: Errors fixed directly on the UI are not maintained in the error repo...""","Fix duplicates layer : If the user click on fix duplicates on the tool, takes the action (Skip/Overwrite/Merge), the same is done and if any other user wants to check what action w...",HAVMOR ICE CREAM PRIVATE LIMITED,1062931
50,SEM-0104,[IDT] — GSTR-1 filing date required in IMS vs PR recon report,IDT,1,1,0,10581250.0,1,1.0,0.2419,Medium,,"Requirement area: [IDT] General Request. Impact: 1 ticket from 1 customer (HAVMOR ICE CREAM PRIVATE LIMITED). ARR at risk: ₹10,581,250. Open tickets: 1/1. Key themes from customer descriptions: gstr, filing, date, required, ims, recon, report. Most representative complaint: ""GSTR-1 filing date required in IMS vs PR recon report""",GSTR-1 filing date required in IMS vs PR recon report,HAVMOR ICE CREAM PRIVATE LIMITED,1043165
51,SEM-0009,[IDT] — Feature Request - Provide a summary of the Tax values of all the li...,IDT,1,1,0,10117950.0,1,1.0,0.2403,Medium,,"Requirement area: [IDT] General Request. Impact: 1 ticket from 1 customer (SRF LIMITED). ARR at risk: ₹10,117,950. Open tickets: 1/1. Key themes from customer descriptions: value, taxable, tax, values, summary, rows, doc, processed. Most representative complaint: ""Feature Request - Provide a summary of the document, taxable and tax values of all the line items processed over the SaaS Platform. Rows processed - Doc. Value | Taxable Value | Tax Values Rows with no error - Doc. Value | Taxable Value | Tax Values Rows with errors - Doc. Value | Taxable Value | Ta...""","Feature Request - Provide a summary of the document, taxable and tax values of all the line items processed over the SaaS Platform. Rows processed - Doc. Value | Taxable Value | Ta...",SRF LIMITED,1046630
52,SEM-0089,[IDT] — Feature Request - ISD Document ingestion via Purchase register for...,IDT,1,1,0,10117950.0,1,1.0,0.2403,Medium,,"Requirement area: [IDT] General Request. Impact: 1 ticket from 1 customer (SRF LIMITED). ARR at risk: ₹10,117,950. Open tickets: 1/1. Key themes from customer descriptions: feature, isd, document, ingestion, via, purchase, register, reconciliation. Most representative complaint: ""Feature Request - ISD Document ingestion via Purchase register for reconciliation""",Feature Request - ISD Document ingestion via Purchase register for reconciliation,SRF LIMITED,1076262
53,SEM-0093,[IDT] — Feature Request - Provide a report of documents still forming part...,IDT,1,1,0,10117950.0,1,1.0,0.2403,Medium,,"Requirement area: [IDT] General Request. Impact: 1 ticket from 1 customer (SRF LIMITED). ARR at risk: ₹10,117,950. Open tickets: 1/1. Key themes from customer descriptions: feature, provide, report, documents, still, forming, part, 4b2. Most representative complaint: ""Feature Request - Provide a report of documents still forming part of 4B2 or it got exhausted in 4D1.""",Feature Request - Provide a report of documents still forming part of 4B2 or it got exhausted in 4D1.,SRF LIMITED,1076265
54,SEM-0044,[IDT] — Option of Advance Amendment as Document Type using CT Sales Template,IDT,1,2,0,1020000.0,2,1.0,0.2309,Medium,,"Requirement area: [IDT] General Request. Impact: 2 tickets from 1 customer (Indian Health Organisation Private Limited). ARR at risk: ₹1,020,000. Open tickets: 2/2. Key themes from customer descriptions: template, cleartax, they, document, type, sales, data, client. Most representative complaint: ""The client has requested that the ClearTax Sales template support the ‘Advance Adjustment Amendment’ document type so they can ingest this data directly through the CT template. At present, the Sales template does not contain the required headers or configuration for this document type, which preven...""","Currently, we do not support ‘Advance Amendment’ as a document type in the ClearTax template, as the CT Sales template does not contain the relevant headers required for this data.... | The client has requested that the ClearTax Sales template support the ‘Advance Adjustment Amendment’ document type so they can ingest this data directly through the CT template. At...",Indian Health Organisation Private Limited,"1061396, 1061408"
55,SEM-0034,[IDT] — Feature Request for Reject Action in GSTR 2B vs PR Reconciliation,IDT,1,1,0,6575699.0,1,1.0,0.2278,Medium,,"Requirement area: [IDT] General Request. Impact: 1 ticket from 1 customer (Grasim Industries Limited). ARR at risk: ₹6,575,699. Open tickets: 1/1. Key themes from customer descriptions: action, reject, month, excel, report, reconciliation, module, when. Most representative complaint: ""In the 2B vs PR reconciliation module, when a Reject action is taken, the corresponding reject month is not reflected in the Excel report. However, for the Claim action, the action month is properly captured and displayed in the report (Excel screenshot attached for reference).""","In the 2B vs PR reconciliation module, when a Reject action is taken, the corresponding reject month is not reflected in the Excel report. However, for the Claim action, the action...",Grasim Industries Limited,1082783
56,SEM-0051,[IDT] — Feature Request for GSTR 2B vs PR Reconciliation,IDT,1,1,0,6575699.0,1,1.0,0.2278,Medium,,"Requirement area: [IDT] General Request. Impact: 1 ticket from 1 customer (Grasim Industries Limited). ARR at risk: ₹6,575,699. Open tickets: 1/1. Key themes from customer descriptions: invoices, client, would, like, single, button, when, clicked. Most representative complaint: ""Client would like a single button that, when clicked, displays both all pending invoices, and Current month “No Action” invoices on one consolidated page.""","Client would like a single button that, when clicked, displays both all pending invoices, and Current month “No Action” invoices on one consolidated page.",Grasim Industries Limited,1082781
57,SEM-0084,[IDT] — Feature request to enable searching for multiple document numbers i...,IDT,1,1,0,6575699.0,1,1.0,0.2278,Medium,,"Requirement area: [IDT] General Request. Impact: 1 ticket from 1 customer (Grasim Industries Limited). ARR at risk: ₹6,575,699. Open tickets: 1/1. Key themes from customer descriptions: document, feature, enable, searching, multiple, numbers, number, filter. Most representative complaint: ""Feature request to enable searching for multiple document numbers in the document number filter within the data overview section.""",Feature request to enable searching for multiple document numbers in the document number filter within the data overview section.,Grasim Industries Limited,1053666
58,SEM-0095,[IDT] — Reversal & Reclaim Document Level Report,IDT,1,1,0,6575699.0,1,1.0,0.2278,Medium,,"Requirement area: [IDT] General Request. Impact: 1 ticket from 1 customer (Grasim Industries Limited). ARR at risk: ₹6,575,699. Open tickets: 1/1. Key themes from customer descriptions: reversal, reclaim, level, customer, wherein, document, available, month. Most representative complaint: ""Customer has faced the issue during GSTR-9 filing, wherein the detaisl of Reversal and Reclaim at document level was not available for them to reconcile the closing balance of Electronic Ledger at GSTN/PAN Level. Customer has requested for Reversal & Reclaim Report at document level, wherein the col...""","Customer has faced the issue during GSTR-9 filing, wherein the detaisl of Reversal and Reclaim at document level was not available for them to reconcile the closing balance of Elec...",Grasim Industries Limited,1079694
59,SEM-0037,[GL Stream] — GL Type Column in GL Stream,GL Stream,1,1,0,6562500.0,1,1.0,0.2277,Medium,,"Requirement area: [GL Stream] General Request. Impact: 1 ticket from 1 customer (RAM RATNA ELECTRICALS LIMITED). ARR at risk: ₹6,562,500. Open tickets: 1/1. Key themes from customer descriptions: customer, expense, entries, requested, type, identification, whether, particular. Most representative complaint: ""Customer has requested for GL type identification i.e. whether a particular GL is expense, revenue, asset or liability. This was earlier available when we showcased the demo but now been removed from the General Ledger View. The purpose to bring this column is that customer want to do recon of Entri...""","Customer has requested for GL type identification i.e. whether a particular GL is expense, revenue, asset or liability. This was earlier available when we showcased the demo but no...",RAM RATNA ELECTRICALS LIMITED,1037231
60,SEM-0005,[IDT] — Data upload GSTR 6,IDT,1,1,0,6300000.0,1,1.0,0.2268,Medium,,"Requirement area: [IDT] General Request. Impact: 1 ticket from 1 customer (Zomato Limited). ARR at risk: ₹6,300,000. Open tickets: 1/1. Key themes from customer descriptions: while, uploading, gstr, data, over, portal. Most representative complaint: ""Issue while uploading the GSTR 6 Data over the portal""",Issue while uploading the GSTR 6 Data over the portal,Zomato Limited,1047229
61,SEM-0007,[IDT] — B2C supplies,IDT,1,1,0,6300000.0,1,1.0,0.2268,Medium,,"Requirement area: [IDT] General Request. Impact: 1 ticket from 1 customer (Zomato Limited). ARR at risk: ₹6,300,000. Open tickets: 1/1. Key themes from customer descriptions: template, option, consider, b2cs, supplies, through, govt, same. Most representative complaint: ""Option to consider B2Cs supplies through Ct template and Govt template at the same time""",Option to consider B2Cs supplies through Ct template and Govt template at the same time,Zomato Limited,1047207
62,SEM-0022,[IDT] — Pending RCM Liability Statement,IDT,1,1,0,6300000.0,1,1.0,0.2268,Medium,,"Requirement area: [IDT] General Request. Impact: 1 ticket from 1 customer (Zomato Limited). ARR at risk: ₹6,300,000. Open tickets: 1/1. Key themes from customer descriptions: statement, there, one, available, over, gstin, network, similar. Most representative complaint: ""There is one statement available over GSTIN network similar to ECRS statement w.r.t. RCM. The customer wants the same statement in the GST tool""",There is one statement available over GSTIN network similar to ECRS statement w.r.t. RCM. The customer wants the same statement in the GST tool,Zomato Limited,1047224
63,SEM-0042,[IDT] — Missing MY GSTIN check,IDT,1,1,0,6300000.0,1,1.0,0.2268,Medium,,"Requirement area: [IDT] General Request. Impact: 1 ticket from 1 customer (Zomato Limited). ARR at risk: ₹6,300,000. Open tickets: 1/1. Key themes from customer descriptions: gstin, field, missing, checks, tool, did, flag, any. Most representative complaint: ""Missing Checks in ""MY GSTIN"" field: The CT tool did not flag any error when TCS GSTINs were entered in the ""MY GSTIN"" field for GSTR 1 data ingestion""","Missing Checks in ""MY GSTIN"" field: The CT tool did not flag any error when TCS GSTINs were entered in the ""MY GSTIN"" field for GSTR 1 data ingestion",Zomato Limited,1047208
64,SEM-0057,[IDT] — Bulk Filing option for TCS registration,IDT,1,1,0,6300000.0,1,1.0,0.2268,Medium,,"Requirement area: [IDT] General Request. Impact: 1 ticket from 1 customer (Zomato Limited). ARR at risk: ₹6,300,000. Open tickets: 1/1. Key themes from customer descriptions: bulk, filing, option, tcs, return, over, cleartax, tool. Most representative complaint: ""Bulk Filing option for TCS return over Cleartax tool""",Bulk Filing option for TCS return over Cleartax tool,Zomato Limited,1047234
65,SEM-0062,[IDT] — E-invoice reconciliation,IDT,1,1,0,6300000.0,1,1.0,0.2268,Medium,,"Requirement area: [IDT] General Request. Impact: 1 ticket from 1 customer (Zomato Limited). ARR at risk: ₹6,300,000. Open tickets: 1/1. Key themes from customer descriptions: data, zomato, wants, run, reconciliation, invoice, rather, then. Most representative complaint: ""Zomato wants to run the reconciliation with the E-invoice data rather then GSTR 1 auto populated data.""",Zomato wants to run the reconciliation with the E-invoice data rather then GSTR 1 auto populated data.,Zomato Limited,1047209
66,SEM-0094,[IDT] — Required some additional details in Cleartax Doc level Sales report,IDT,1,1,0,6200000.0,1,1.0,0.2264,Medium,,"Requirement area: [IDT] General Request. Impact: 1 ticket from 1 customer (Jubilant Foodworks Limited). ARR at risk: ₹6,200,000. Open tickets: 1/1. Key themes from customer descriptions: required, column, report, pfb, number, dear, rajesh, some. Most representative complaint: ""Dear Rajesh Ji, We required some additional column in Doc level sales report. PFB details of column required :- 1 2 3 GL Account IRN Number EWay Bill Number 0010400061 48619040ad3e4570fd5ab470c6341e844f8b6905e64ed24768a1f73468008bd9 --- 0010400062 71e7b8ba6542434f6c0c7ff590150369fa039d18b8540124aa14...""","Dear Rajesh Ji, We required some additional column in Doc level sales report. PFB details of column required :- 1 2 3 GL Account IRN Number EWay Bill Number 0010400061 48619040ad3e...",Jubilant Foodworks Limited,1060147
67,SEM-0067,[IDT] — Feature : User has requested that alerts for any ingestion failures...,IDT,1,1,0,5526000.0,1,1.0,0.2241,Medium,,"Requirement area: [IDT] General Request. Impact: 1 ticket from 1 customer (Hind Terminals Pvt Ltd). ARR at risk: ₹5,526,000. Open tickets: 1/1. Key themes from customer descriptions: requested, alerts, any, ingestion, failures, triggered, via, email. Most representative complaint: ""User has requested that alerts for any ingestion failures be triggered via email so such issues can be identified promptly.""",User has requested that alerts for any ingestion failures be triggered via email so such issues can be identified promptly.,Hind Terminals Pvt Ltd,1072402
68,SEM-0043,[IDT] — Give GSTR-9 table 6 references in table 4 snapshot report,IDT,1,1,0,5015000.0,1,1.0,0.2222,Medium,,"Requirement area: [IDT] General Request. Impact: 1 ticket from 1 customer (OMNICOM MEDIA GROUP INDIA PRIVATE LIMITED). ARR at risk: ₹5,015,000. Open tickets: 1/1. Key themes from customer descriptions: can, source, gstr, set, then, isn, easy, understand. Most representative complaint: ""If the source of table 6 of GSTR-9 is set as table 4 then it isn't easy to understand as to how the figures are derived and we need to apply multiple filters to check the amounts and underlying data. G9 reference columns can be added in the end and references can be given as to in which column has a...""",If the source of table 6 of GSTR-9 is set as table 4 then it isn't easy to understand as to how the figures are derived and we need to apply multiple filters to check the amounts a...,OMNICOM MEDIA GROUP INDIA PRIVATE LIMITED,1071385
69,SEM-0058,[IDT] — 2B vs PR Recon visiblity,IDT,1,1,0,4841250.0,1,1.0,0.2216,Medium,,"Requirement area: [IDT] General Request. Impact: 1 ticket from 1 customer (Royal Sundaram General Insurance Co. Limited). ARR at risk: ₹4,841,250. Open tickets: 1/1. Key themes from customer descriptions: space, viewing, dear, team, recon, mismatch, fields, very. Most representative complaint: ""Dear Team, In 2B vs PR recon, the space of viewing the mismatch fields in the UI is very less, Requesting to increase the space of viewing the data.""","Dear Team, In 2B vs PR recon, the space of viewing the mismatch fields in the UI is very less, Requesting to increase the space of viewing the data.",Royal Sundaram General Insurance Co. Limited,1057975
70,SEM-0019,[IDT] — Feature Request,IDT,1,1,0,4244250.0,1,1.0,0.2195,Medium,,"Requirement area: [IDT] General Request. Impact: 1 ticket from 1 customer (Vee Gee Industrial Enterprises Private Limited). ARR at risk: ₹4,244,250. Open tickets: 1/1. Key themes from customer descriptions: client, line, manually, item, limit, reported, they, few. Most representative complaint: ""The client reported that they have a few PR non-e-invoice documents, which are manually generated for price differences, containing more than 6,800 line items. Due to this, the client is unable to ingest the data either through integration or manually, as the current maximum line item limit for inge...""","The client reported that they have a few PR non-e-invoice documents, which are manually generated for price differences, containing more than 6,800 line items. Due to this, the cli...",Vee Gee Industrial Enterprises Private Limited,1067382
71,SEM-0011,"[IDT] — Limit ""Recalculate Payment Recommendation"" to only the selected inv...",IDT,1,1,0,4000000.0,1,1.0,0.2187,Medium,,"Requirement area: [IDT] General Request. Impact: 1 ticket from 1 customer (Alkem Laboratories Limited). ARR at risk: ₹4,000,000. Open tickets: 1/1. Key themes from customer descriptions: recalculate, payment, recommendation, when, client, select, specific, vouchers. Most representative complaint: ""When client select specific vouchers and click ""Recalculate Payment Recommendation,"" the tool recalculates for the entire table—including unselected current-period data—rather than just the chosen entries. Ask: Limit ""Recalculate Payment Recommendation"" to only the selected invoices, not the full ta...""","When client select specific vouchers and click ""Recalculate Payment Recommendation,"" the tool recalculates for the entire table—including unselected current-period data—rather than...",Alkem Laboratories Limited,1075764
72,SEM-0024,[IDT] — Bulk error file should show either ingestion error which are only p...,IDT,1,1,0,4000000.0,1,1.0,0.2187,Medium,,"Requirement area: [IDT] General Request. Impact: 1 ticket from 1 customer (Alkem Laboratories Limited). ARR at risk: ₹4,000,000. Open tickets: 1/1. Key themes from customer descriptions: once, errors, they, again, ingestion, current, product, behavior. Most representative complaint: ""Current product behavior - Once the errors are corrected, they are moved to the Document section. But in Import History, if any user downloads “Bulk Error report” again, they will see all such ingestion errors again. Alkem’s requirement - Once an user corrects the ingestion error, then Clear should...""","Current product behavior - Once the errors are corrected, they are moved to the Document section. But in Import History, if any user downloads “Bulk Error report” again, they will...",Alkem Laboratories Limited,1079123
73,SEM-0030,[IDT] — DSC signing on auto-generated ISD distribution invoice PDFs,IDT,1,1,0,4000000.0,1,1.0,0.2187,Medium,,"Requirement area: [IDT] General Request. Impact: 1 ticket from 1 customer (Alkem Laboratories Limited). ARR at risk: ₹4,000,000. Open tickets: 1/1. Key themes from customer descriptions: client, needs, dsc, signing, isd, invoices, being, auto. Most representative complaint: ""Client needs DSC signing on ISD invoices being auto-generated through Clear.""",Client needs DSC signing on ISD invoices being auto-generated through Clear.,Alkem Laboratories Limited,1058905
74,SEM-0031,[IDT] — Need change in document level rules for Missing and Mismatch vouchers,IDT,1,1,0,4000000.0,1,1.0,0.2187,Medium,,"Requirement area: [IDT] General Request. Impact: 1 ticket from 1 customer (Alkem Laboratories Limited). ARR at risk: ₹4,000,000. Open tickets: 1/1. Key themes from customer descriptions: missing, mismatch, due, current, product, behavior, invoices, categories. Most representative complaint: ""Due to the current product behavior, invoices in ""Missing"" or ""Mismatch"" categories get automatically blocked—which is correct but misaligns with Alkem's procedures. If the primary action is set to ""Make Full Payment,"" the team must block these manually, resulting in duplicated effort and ongoing tr...""","Due to the current product behavior, invoices in ""Missing"" or ""Mismatch"" categories get automatically blocked—which is correct but misaligns with Alkem's procedures. If the primary...",Alkem Laboratories Limited,1075763
75,SEM-0055,[IDT] — Rule 37 (180 Day) - Our platform should highlight the cases where p...,IDT,1,1,0,4000000.0,1,1.0,0.2187,Medium,,"Requirement area: [IDT] General Request. Impact: 1 ticket from 1 customer (Alkem Laboratories Limited). ARR at risk: ₹4,000,000. Open tickets: 1/1. Key themes from customer descriptions: they, payment, case, alkem, labs, elt, integrated, want. Most representative complaint: ""This is the case of Alkem labs (ELT Integrated). They want Clear to Pull payment date from ERP and highlight the user for cases where ITC has been claimed and now they need to reverse the same. Later on, when payment is done, our systems highlights them to reavail.""",This is the case of Alkem labs (ELT Integrated). They want Clear to Pull payment date from ERP and highlight the user for cases where ITC has been claimed and now they need to reve...,Alkem Laboratories Limited,1079106
76,SEM-0076,[IDT] — Filing tracker report to be auto-sent to tax head over e-mail after...,IDT,1,1,0,4000000.0,1,1.0,0.2187,Medium,,"Requirement area: [IDT] General Request. Impact: 1 ticket from 1 customer (Alkem Laboratories Limited). ARR at risk: ₹4,000,000. Open tickets: 1/1. Key themes from customer descriptions: filing, tracker, report, auto, sent, over, email, tax. Most representative complaint: ""Filing tracker report to be auto-sent over email to tax head on T+1 basis to ensure adherence to statutory timelines""",Filing tracker report to be auto-sent over email to tax head on T+1 basis to ensure adherence to statutory timelines,Alkem Laboratories Limited,1058952
77,SEM-0078,[IDT] — FR: Need error message as per the validations,IDT,1,1,0,3625000.0,1,1.0,0.2173,Medium,,"Requirement area: [IDT] General Request. Impact: 1 ticket from 1 customer (ASSOCIATED BROADCASTING COMPANY PRIVATE LIMITED). ARR at risk: ₹3,625,000. Open tickets: 1/1. Key themes from customer descriptions: negative, during, data, validation, check, filing, gstr, while. Most representative complaint: ""During the filing of GSTR-6, while uploading data to GSTN, a 'JSON Structure Validation' error causes the upload to fail. Negative values are not present in the Document View but appear at the line-item level, forcing us to go to the Data Overview to check the invoices. During the validation check,...""","During the filing of GSTR-6, while uploading data to GSTN, a 'JSON Structure Validation' error causes the upload to fail. Negative values are not present in the Document View but a...",ASSOCIATED BROADCASTING COMPANY PRIVATE LIMITED,1066028
78,SEM-0012,[DT] — 26AS recon manual linking feature,DT,1,1,0,3472000.0,1,1.0,0.2168,Medium,,"Requirement area: [DT] General Request. Impact: 1 ticket from 1 customer (CHAKIAT AGENCIES PRIVATE LIMITED). ARR at risk: ₹3,472,000. Open tickets: 1/1. Key themes from customer descriptions: missing, linking, dear, team, recon, manual, feature, required. Most representative complaint: ""Dear team, In 26 AS recon, the manual linking feature is required specifically for missing docs (linking a missing document in 26AS with a missing TRL).""","Dear team, In 26 AS recon, the manual linking feature is required specifically for missing docs (linking a missing document in 26AS with a missing TRL).",CHAKIAT AGENCIES PRIVATE LIMITED,1056355
79,SEM-0013,[IDT] — Ingestion of ISD Documents via Clear Purchase Template,IDT,1,1,0,3422030.0,1,1.0,0.2166,Medium,,"Requirement area: [IDT] General Request. Impact: 1 ticket from 1 customer (AGILENT TECHNOLOGIES INDIA PRIVATE LIMITED). ARR at risk: ₹3,422,030. Open tickets: 1/1. Key themes from customer descriptions: documents, ingestion, isd, via, clear, purchase, template, while. Most representative complaint: ""Ingestion of ISD Documents via Clear Purchase Template While ingesting the data, those documents got stuck in error""","Ingestion of ISD Documents via Clear Purchase Template While ingesting the data, those documents got stuck in error",AGILENT TECHNOLOGIES INDIA PRIVATE LIMITED,1074414
80,SEM-0041,[IDT] — Remove the Group id and group remarks feature in 2A vs PR Recon,IDT,1,1,0,3240000.0,1,1.0,0.216,Medium,,"Requirement area: [IDT] General Request. Impact: 1 ticket from 1 customer (VISHAL MEGA MART PRIVATE LIMITED). ARR at risk: ₹3,240,000. Open tickets: 1/1. Key themes from customer descriptions: group, remarks, feature, recon, remove, basis, provided, product. Most representative complaint: ""Remove the Group id and group remarks feature in 2A vs PR Recon,. Basis remarks provided by the product team - Group Id and Group Remark columns should be removed, as we do not have that feature in 2A recon. Please reach out to Karthikeyan Sivaji for additional inputs.""","Remove the Group id and group remarks feature in 2A vs PR Recon,. Basis remarks provided by the product team - Group Id and Group Remark columns should be removed, as we do not hav...",VISHAL MEGA MART PRIVATE LIMITED,1079012
81,SEM-0064,[IDT] — removal of g1/G3B filing status in 2A vs PR Recon on standalone poi...,IDT,1,1,0,3240000.0,1,1.0,0.216,Medium,,"Requirement area: [IDT] General Request. Impact: 1 ticket from 1 customer (VISHAL MEGA MART PRIVATE LIMITED). ARR at risk: ₹3,240,000. Open tickets: 1/1. Key themes from customer descriptions: removal, g3b, filing, status, recon, standalone, point, products. Most representative complaint: ""Removal of g1/G3B filing status in 2A vs PR Recon on standalone point products.""",Removal of g1/G3B filing status in 2A vs PR Recon on standalone point products.,VISHAL MEGA MART PRIVATE LIMITED,1079014
82,SEM-0069,[IDT] — Auto Linking of Invoice and CDN in 2B vs PR Reconciliation,IDT,1,1,0,3240000.0,1,1.0,0.216,Medium,,"Requirement area: [IDT] General Request. Impact: 1 ticket from 1 customer (VISHAL MEGA MART PRIVATE LIMITED). ARR at risk: ₹3,240,000. Open tickets: 1/1. Key themes from customer descriptions: itc, status, credit, notes, available, gstr, books, shows. Most representative complaint: ""Please find the client's comments wrt to the said concern: Additional Steps or methods to be taken for reconciling the Credit Notes available in the GSTR-2A Report but not available in Books ITC. The Tool Outrightly shows the Status of Credit Notes as ""Missing in PR"" and for the books ITC and GSTR-2...""",Please find the client's comments wrt to the said concern: Additional Steps or methods to be taken for reconciling the Credit Notes available in the GSTR-2A Report but not availabl...,VISHAL MEGA MART PRIVATE LIMITED,1063022
83,SEM-0029,[IDT] — Supply type Bifurcation,IDT,1,1,0,2836500.0,1,1.0,0.2146,Medium,,"Requirement area: [IDT] General Request. Impact: 1 ticket from 1 customer (Kids clinic india private limited). ARR at risk: ₹2,836,500. Open tickets: 1/1. Key themes from customer descriptions: line, items, document, b2c, exempt, when, contains, multiple. Most representative complaint: ""When a document contains multiple line items with differing supply types, the items are merged and the document is classified as B2C. For example, ABC01 includes both taxable and exempt line items, yet the exempt line is processed as a B2C at 0%. The data is uploaded via GL transformation files.""","When a document contains multiple line items with differing supply types, the items are merged and the document is classified as B2C. For example, ABC01 includes both taxable and e...",Kids clinic india private limited,1052293
84,SEM-0068,[IDT] — Feature Request,IDT,1,1,0,2630516.0,1,1.0,0.2138,Medium,,"Requirement area: [IDT] General Request. Impact: 1 ticket from 1 customer (Sundaram Home Finance Limited). ARR at risk: ₹2,630,516. Open tickets: 1/1. Key themes from customer descriptions: gstr, filing, return, client, requested, feature, freeze, data. Most representative complaint: ""The client requested a feature to freeze the GSTR-3B data after filing for each return period, as they have observed that the values continue to change post-filing and no longer match the filed GSTR-3B summary for previous return periods.""","The client requested a feature to freeze the GSTR-3B data after filing for each return period, as they have observed that the values continue to change post-filing and no longer ma...",Sundaram Home Finance Limited,1066900
85,SEM-0083,[IDT] — Feature Request,IDT,1,1,0,2447950.0,1,1.0,0.2132,Medium,,"Requirement area: [IDT] General Request. Impact: 1 ticket from 1 customer (THE INDIAN HUME PIPE COMPANY LIMITED). ARR at risk: ₹2,447,950. Open tickets: 1/1. Key themes from customer descriptions: missing, invoice, template, documents, level, details, email, only. Most representative complaint: ""Missing Documents – Invoice Level Details in Email Template When applying the ""Missing Docs"" filter in Vendor View, the system currently displays only the count of missing documents. In the email template as well, only the missing document count is available for communication. Client requires an enh...""","Missing Documents – Invoice Level Details in Email Template When applying the ""Missing Docs"" filter in Vendor View, the system currently displays only the count of missing document...",THE INDIAN HUME PIPE COMPANY LIMITED,1059942
86,SEM-0023,[IDT] — GST report requirements from Clear Tax,IDT,1,1,0,2255000.0,1,1.0,0.2125,Medium,,"Requirement area: [IDT] General Request. Impact: 1 ticket from 1 customer (Vivriti Capital). ARR at risk: ₹2,255,000. Open tickets: 1/1. Key themes from customer descriptions: gstr, gst, input, credit, register, team, client, having. Most representative complaint: ""Hi team, Client is having the below requirement. 1) Independent Report reflecting the GST input credit pertaining to FY 2024–25 which has not been claimed till date. 2) Reconciliation Statement – GSTR 3B vs GSTR 2B vs Purchase Register, comprising both summary and document-level views, presented per...""","Hi team, Client is having the below requirement. 1) Independent Report reflecting the GST input credit pertaining to FY 2024–25 which has not been claimed till date. 2) Reconciliat...",Vivriti Capital,1052340
87,SEM-0086,[IDT] — Provide option to upload excel file for User Access Management,IDT,1,1,0,1968000.0,1,1.0,0.2115,Medium,,"Requirement area: [IDT] General Request. Impact: 1 ticket from 1 customer (GREAVES COTTON LIMITED). ARR at risk: ₹1,968,000. Open tickets: 1/1. Key themes from customer descriptions: client, pans, users, few, more, than, wants, option. Most representative complaint: ""Client has 4 PANs with few PANs have more than 10-15 users. Client wants an option of excel ingestion for giving roles to multiple users""",Client has 4 PANs with few PANs have more than 10-15 users. Client wants an option of excel ingestion for giving roles to multiple users,GREAVES COTTON LIMITED,1049910
88,SEM-0090,[GL Stream] — GL Stream - Need further split in Sub-status column in Revenue GL,GL Stream,1,1,0,1968000.0,1,1.0,0.2115,Medium,,"Requirement area: [GL Stream] General Request. Impact: 1 ticket from 1 customer (GREAVES COTTON LIMITED). ARR at risk: ₹1,968,000. Open tickets: 1/1. Key themes from customer descriptions: state, goods, branch, transfer, gst, gets, greaves, cotton. Most representative complaint: ""Greaves cotton is a recently integrated client. They have branch transfer of goods within and outside the state. In case of inter-state branch transfer of goods, there is levy of GST which gets billed from supplier state to recipient state. In integration GST SR, this scenario coded properly. Howeve...""","Greaves cotton is a recently integrated client. They have branch transfer of goods within and outside the state. In case of inter-state branch transfer of goods, there is levy of G...",GREAVES COTTON LIMITED,1079928
89,SEM-0065,[IDT] — Feature Request for Validation of RCM Data in 3.1D and TA2+4A3,IDT,1,1,0,1470000.0,1,1.0,0.2097,Medium,,"Requirement area: [IDT] General Request. Impact: 1 ticket from 1 customer (Au Small Finance Bank Limited). ARR at risk: ₹1,470,000. Open tickets: 1/1. Key themes from customer descriptions: data, customer, wish, validation, check, while, ingestion, should. Most representative complaint: ""Customer wish to have a validation check while ingestion of data that data in Table 3.1D should not be more than data in 4A2+4A3""",Customer wish to have a validation check while ingestion of data that data in Table 3.1D should not be more than data in 4A2+4A3,Au Small Finance Bank Limited,1080393
90,SEM-0071,[IDT] — Feature Request,IDT,1,1,0,1417500.0,1,1.0,0.2095,Medium,,"Requirement area: [IDT] General Request. Impact: 1 ticket from 1 customer (Upscalio India Private Limited). ARR at risk: ₹1,417,500. Open tickets: 1/1. Key themes from customer descriptions: multiple, return, pdf, reports, feature, option, select, periods. Most representative complaint: ""Feature Request to have an option to select multiple return periods while downloading Government-filed GST PDF reports. Currently, the system allows selection of only one return period at a time, which limits usability and efficiency for users who need to download PDF reports for multiple months.""","Feature Request to have an option to select multiple return periods while downloading Government-filed GST PDF reports. Currently, the system allows selection of only one return pe...",Upscalio India Private Limited,1071665
91,SEM-0006,[IDT] — Restrict action on Time barred Invoice,IDT,1,1,0,1162000.0,1,1.0,0.2086,Medium,,"Requirement area: [IDT] General Request. Impact: 1 ticket from 1 customer (Eaton Technologies Private Limited). ARR at risk: ₹1,162,000. Open tickets: 1/1. Key themes from customer descriptions: client, raised, feature, flag, which, itc, claim, duration. Most representative complaint: ""Client has raised a feature request to have a flag on which ITC claim duration is exhausted , that means they are time barred invoice.""","Client has raised a feature request to have a flag on which ITC claim duration is exhausted , that means they are time barred invoice.",Eaton Technologies Private Limited,1066276
92,SEM-0061,[IDT] — GSTR-6 SEZ Recipient Bifurcation while gnerating ISD documents,IDT,1,1,0,1162000.0,1,1.0,0.2086,Medium,,"Requirement area: [IDT] General Request. Impact: 1 ticket from 1 customer (Eaton Technologies Private Limited). ARR at risk: ₹1,162,000. Open tickets: 1/1. Key themes from customer descriptions: still, when, system, does, distribution, isd, recipient, sez. Most representative complaint: ""When the system does distribution of isd and the recipient is sez , it still distribute to CGST, SGST instead of IGST . It is already highlighted in Retro calls , but still no eta is received. Kindly raise it to L3. Multiple client are facing issue due to this""","When the system does distribution of isd and the recipient is sez , it still distribute to CGST, SGST instead of IGST . It is already highlighted in Retro calls , but still no eta...",Eaton Technologies Private Limited,1058890
93,SEM-0079,[IDT] — Feature Request - PAN-level availability of PDFs for already-paid G...,IDT,1,1,0,1150000.0,1,1.0,0.2086,Medium,,"Requirement area: [IDT] General Request. Impact: 1 ticket from 1 customer (Apl Apollo Tubes Limited). ARR at risk: ₹1,150,000. Open tickets: 1/1. Key themes from customer descriptions: feature, pan, level, availability, pdfs, already, paid, gstr. Most representative complaint: ""Feature Request - PAN-level availability of PDFs for already-paid GSTR-3B challans.""",Feature Request - PAN-level availability of PDFs for already-paid GSTR-3B challans.,Apl Apollo Tubes Limited,1078188
94,SEM-0101,[IDT] — Feature Request - GSTR-1/GSTR-3B Filed PDF for more than 1 return p...,IDT,1,1,0,1150000.0,1,1.0,0.2086,Medium,,"Requirement area: [IDT] General Request. Impact: 1 ticket from 1 customer (Apl Apollo Tubes Limited). ARR at risk: ₹1,150,000. Open tickets: 1/1. Key themes from customer descriptions: gstr, feature, filed, pdf, more, than, return, period. Most representative complaint: ""Feature Request - GSTR-1/GSTR-3B Filed PDF for more than 1 return period in a single go.""",Feature Request - GSTR-1/GSTR-3B Filed PDF for more than 1 return period in a single go.,Apl Apollo Tubes Limited,1078189
95,SEM-0047,[Notice Tracker] — Feature Request for Notice Management,Notice Tracker,1,1,0,1100000.0,1,1.0,0.2084,Medium,,"Requirement area: [Notice Tracker] General Request. Impact: 1 ticket from 1 customer (Shyam Steel Industries Limited). ARR at risk: ₹1,100,000. Open tickets: 1/1. Key themes from customer descriptions: client, tool, auto, fetch, notices, group, level, some. Most representative complaint: ""The client need some features for notice management tool they are as follow: a. Auto-fetch functionality – The client has requested an auto-fetch option to avoid manually retrieving and entering CAPTCHA each time for getting updated notices. b. Group-level details – The client requires visibility at...""",The client need some features for notice management tool they are as follow: a. Auto-fetch functionality – The client has requested an auto-fetch option to avoid manually retrievin...,Shyam Steel Industries Limited,1050509
96,SEM-0014,[IDT] — GSTR -1A Filing Tab Not showing in Filing Tracker Report,IDT,1,1,0,850000.0,1,1.0,0.2075,Medium,,"Requirement area: [IDT] General Request. Impact: 1 ticket from 1 customer (Signatureglobal (India) Private Limited). ARR at risk: ₹850,000. Open tickets: 1/1. Key themes from customer descriptions: gstr, clear, filing, tracker, tax, signature, dear, team. Most representative complaint: ""Dear Clear Team, Please find the attached GSTR Filing Tracker from the Clear Tax Portal. It appears that the GSTR-1A filing return is not showing. Kindly check and update the GSTR-1A tab in the tracker accordingly. [cid:image001.png@01DBA627.7C7F3B50] Thanks, Surya kanta Nayak Assistant Manager (F &...""","Dear Clear Team, Please find the attached GSTR Filing Tracker from the Clear Tax Portal. It appears that the GSTR-1A filing return is not showing. Kindly check and update the GSTR-...",Signatureglobal (India) Private Limited,1058897
97,SEM-0077,[DT] — EDIT option TDS UI,DT,1,1,0,750000.0,1,1.0,0.2072,Medium,,"Requirement area: [DT] General Request. Impact: 1 ticket from 1 customer (Delta Exchange). ARR at risk: ₹750,000. Open tickets: 1/1. Key themes from customer descriptions: edit, option, mandatorily, required, deductions, challans, deductee, lower. Most representative complaint: """"EDIT option in the following UI is mandatorily required: Deductions Challans Deductee Lower Deduction""","""EDIT option in the following UI is mandatorily required: Deductions Challans Deductee Lower Deduction",Delta Exchange,1078577
98,SEM-0070,[DT] — Even though the challans have been synced as you can see in the bel...,DT,1,1,0,682500.0,1,1.0,0.207,Medium,,"Requirement area: [DT] General Request. Impact: 1 ticket from 1 customer (Supriya Lifescience Limited). ARR at risk: ₹682,500. Open tickets: 1/1. Key themes from customer descriptions: does, should, appear, messaging, refer, screenshots, attached, case. Most representative complaint: ""The messaging(refer the screenshots attached to the case) does not seem appropriate in this scenario. Even when the challans are fully synced along with the consumed amount, this message should ideally not appear. If it does appear, it should be accompanied by an “i” (information) icon with a brief...""","The messaging(refer the screenshots attached to the case) does not seem appropriate in this scenario. Even when the challans are fully synced along with the consumed amount, this m...",Supriya Lifescience Limited,1078567
99,SEM-0100,[IDT] — Feature Request,IDT,1,1,0,700000.0,1,1.0,0.207,Medium,,"Requirement area: [IDT] General Request. Impact: 1 ticket from 1 customer (Rail Vikas Nigam Limited). ARR at risk: ₹700,000. Open tickets: 1/1. Key themes from customer descriptions: reconciliation, section, since, multiple, groupings, being, performed, gstr. Most representative complaint: ""Since multiple groupings are being performed in the GSTR 2B vs PR Reconciliation, the client requested that the invoice count and other related details be displayed in the ""Manual Group"" section of the reconciliation summary section.""","Since multiple groupings are being performed in the GSTR 2B vs PR Reconciliation, the client requested that the invoice count and other related details be displayed in the ""Manual...",Rail Vikas Nigam Limited,1058504
100,SEM-0027,[IDT] — Supplier Name Prefix Filter Not Returning Results in Data Overview,IDT,1,1,0,510000.0,1,1.0,0.2063,Medium,,"Requirement area: [IDT] General Request. Impact: 1 ticket from 1 customer (Indian Health Organisation Private Limited). ARR at risk: ₹510,000. Open tickets: 1/1. Key themes from customer descriptions: does, when, supplier, name, client, view, invoices, data. Most representative complaint: ""The client is unable to view invoices in the Data Overview section when filtering using only the initial characters of the supplier name. For example, as shown in the screenshot, typing ‘Gupshup’ does not fetch any results, whereas entering the complete supplier name does. The same issue persists fo...""","The client is unable to view invoices in the Data Overview section when filtering using only the initial characters of the supplier name. For example, as shown in the screenshot, t...",Indian Health Organisation Private Limited,1061411
101,SEM-0032,[IDT] — Request for Validation of Advance Amendment Auto-Population Functio...,IDT,1,1,0,510000.0,1,1.0,0.2063,Medium,,"Requirement area: [IDT] General Request. Impact: 1 ticket from 1 customer (Indian Health Organisation Private Limited). ARR at risk: ₹510,000. Open tickets: 1/1. Key themes from customer descriptions: normally, when, client, amends, advance, government, portal, previously. Most representative complaint: ""Normally, when a client amends an advance on the government portal, the previously reported return-period value is auto-populated. However, this does not appear in Clear. This may be an API limitation, but please verify whether we can enable similar functionality within our product. Attachment provi...""","Normally, when a client amends an advance on the government portal, the previously reported return-period value is auto-populated. However, this does not appear in Clear. This may...",Indian Health Organisation Private Limited,1061414
102,SEM-0048,[IDT] — Recon Report Without Rerunning Recon,IDT,1,1,0,500000.0,1,1.0,0.2063,Medium,,"Requirement area: [IDT] General Request. Impact: 1 ticket from 1 customer (Trustiva Advisors LLP). ARR at risk: ₹500,000. Open tickets: 1/1. Key themes from customer descriptions: reconciliation, report, 2025, should, download, without, september, readily. Most representative complaint: ""The reconciliation report should be readily available for download without having to rerun the reconciliation each time. For example, if the reconciliation was run for September 2025 and later for October 2025, the client should be able to download the September 2025 report directly, without rerunni...""","The reconciliation report should be readily available for download without having to rerun the reconciliation each time. For example, if the reconciliation was run for September 20...",Trustiva Advisors LLP,1065089
103,SEM-0082,[IDT] — Inconsistent Document Number Matching Logic in G1 vs SR and 2B vs PR,IDT,1,1,0,500000.0,1,1.0,0.2063,Medium,,"Requirement area: [IDT] General Request. Impact: 1 ticket from 1 customer (Trustiva Advisors LLP). ARR at risk: ₹500,000. Open tickets: 1/1. Key themes from customer descriptions: reconciliation, document, sales, observed, inconsistency, how, numbers, slash. Most representative complaint: ""I have observed an inconsistency in how document numbers with a “/” (slash) are handled across different reconciliation modules. In Sales Reconciliation (G1 vs SR), an invoice with a slight difference in document number formatting (e.g., with or without “/”) is classified under Missing, even when al...""","I have observed an inconsistency in how document numbers with a “/” (slash) are handled across different reconciliation modules. In Sales Reconciliation (G1 vs SR), an invoice with...",Trustiva Advisors LLP,1065100
104,SEM-0028,[IDT] — Feature Request - Provide the option to ingest the GSTR-9/9C data w...,IDT,1,1,0,315000.0,1,1.0,0.2057,Medium,,"Requirement area: [IDT] General Request. Impact: 1 ticket from 1 customer (SG Mart). ARR at risk: ₹315,000. Open tickets: 1/1. Key themes from customer descriptions: feature, provide, option, ingest, gstr, data, government, offline. Most representative complaint: ""Feature Request - Provide the option to ingest the GSTR-9/9C data with the government offline utility.""",Feature Request - Provide the option to ingest the GSTR-9/9C data with the government offline utility.,SG Mart,1068429
105,SEM-0091,[IDT] — requiredG9 templet,IDT,1,1,0,0.0,1,1.0,0.2045,Medium,,"Requirement area: [IDT] General Request. Impact: 1 ticket from 1 customer (JFS - TDS Child Account (Reliance Strategic Investments Limited)). ARR at risk: ARR not available. Open tickets: 1/1. Key themes from customer descriptions: would, like, inform, you, customer, requesting, empty, template. Most representative complaint: ""We would like to inform you that the customer is requesting an empty template to fill GSTR-9 data.""",We would like to inform you that the customer is requesting an empty template to fill GSTR-9 data.,JFS - TDS Child Account (Reliance Strategic Investments Limited),1068823
106,SEM-0106,[IDT] — Activity Log,IDT,1,1,0,0.0,1,1.0,0.2045,Medium,,"Requirement area: [IDT] General Request. Impact: 1 ticket from 1 customer (ALPEX SOLAR PRIVATE LIMITED). ARR at risk: ARR not available. Open tickets: 1/1. Key themes from customer descriptions: alpex, team, requires, activity, log, users, who, logged. Most representative complaint: ""The Alpex team requires the activity log of the users who logged in into the platform so that their senior/ top level management can have a bird eye view on the user personnel.""",The Alpex team requires the activity log of the users who logged in into the platform so that their senior/ top level management can have a bird eye view on the user personnel.,ALPEX SOLAR PRIVATE LIMITED,1081612
